{
  "offset_db": 113.1160767795831,
  "offset_db_raw": 113.38267265485133,
  "offset_db_A": 113.1160767795831,
  "calibrator_db": 94.0,
  "calibrator_hz": 1000.0,
  "device": "plughw:CARD=USBC,DEV=0",
  "rate_hz": 48000,
  "channels": 1,
  "format": "S16_LE",
  "use_fir": true,
  "fir_path": "/opt/nicu_audit/config/nicu_eq_fir.npy",
  "dbfs_rms_raw_mean": -19.382672654851337,
  "dbfs_rms_raw_std": 0.005114464569419281,
  "dbfs_rms_A_mean": -19.1160767795831,
  "dbfs_rms_A_std": 0.005124517720380532,
  "estimated_tone_hz_mean": 1001.0,
  "estimated_tone_hz_std": 0.0,
  "repeats": 5,
  "seconds_per_repeat": 8,
  "date_utc": "2026-04-01T13:35:37+00:00",
  "notes": "94 dB 1 kHz field calibration",
  "status": "FIELD_94DB_1KHZ"
}